{"RuleTriggered": 0, "Violations": 325, "Details": {"low_gpu_utilization": 844, "bottlenecks": {"1678794309.500268": {"GPUs": 1, "CPUs": 1}, "1678794310.000278": {"GPUs": 1, "CPUs": 1}, "1678794312.500255": {"GPUs": 1, "CPUs": 2}, "1678794313.000264": {"GPUs": 1, "CPUs": 1}, "1678794314.000272": {"GPUs": 1, "CPUs": 1}, "1678794315.000278": {"GPUs": 1, "CPUs": 1}, "1678794315.500285": {"GPUs": 1, "CPUs": 1}, "1678794316.000274": {"GPUs": 1, "CPUs": 1}, "1678794316.500271": {"GPUs": 1, "CPUs": 1}, "1678794336.000276": {"GPUs": 1, "CPUs": 1}, "1678794338.000255": {"GPUs": 1, "CPUs": 1}, "1678794341.000267": {"GPUs": 1, "CPUs": 1}, "1678794413.000276": {"GPUs": 1, "CPUs": 1}, "1678794413.500264": {"GPUs": 1, "CPUs": 1}, "1678794419.000259": {"GPUs": 1, "CPUs": 1}, "1678794419.500281": {"GPUs": 1, "CPUs": 1}, "1678794424.000239": {"GPUs": 1, "CPUs": 1}, "1678794424.500254": {"GPUs": 1, "CPUs": 1}, "1678794427.000292": {"GPUs": 1, "CPUs": 1}, "1678794428.000275": {"GPUs": 1, "CPUs": 1}, "1678794428.500253": {"GPUs": 1, "CPUs": 1}, "1678794429.500262": {"GPUs": 1, "CPUs": 1}, "1678794431.500271": {"GPUs": 1, "CPUs": 1}, "1678794432.000264": {"GPUs": 1, "CPUs": 1}, "1678794432.500269": {"GPUs": 1, "CPUs": 1}, "1678794433.000276": {"GPUs": 1, "CPUs": 1}, "1678794434.500261": {"GPUs": 1, "CPUs": 1}, "1678794435.500292": {"GPUs": 1, "CPUs": 1}, "1678794436.000254": {"GPUs": 1, "CPUs": 1}, "1678794438.500249": {"GPUs": 1, "CPUs": 1}, "1678794439.500257": {"GPUs": 1, "CPUs": 1}, "1678794440.000221": {"GPUs": 1, "CPUs": 1}, "1678794440.500259": {"GPUs": 1, "CPUs": 1}, "1678794441.000281": {"GPUs": 1, "CPUs": 1}, "1678794442.500258": {"GPUs": 1, "CPUs": 1}, "1678794443.000262": {"GPUs": 1, "CPUs": 1}, "1678794445.500241": {"GPUs": 1, "CPUs": 1}, "1678794446.000257": {"GPUs": 1, "CPUs": 1}, "1678794446.500256": {"GPUs": 1, "CPUs": 1}, "1678794447.000252": {"GPUs": 1, "CPUs": 1}, "1678794447.500264": {"GPUs": 1, "CPUs": 1}, "1678794448.000263": {"GPUs": 1, "CPUs": 1}, "1678794449.000262": {"GPUs": 1, "CPUs": 1}, "1678794449.500277": {"GPUs": 1, "CPUs": 1}, "1678794453.500259": {"GPUs": 1, "CPUs": 1}, "1678794454.500258": {"GPUs": 1, "CPUs": 1}, "1678794455.00026": {"GPUs": 1, "CPUs": 1}, "1678794455.50028": {"GPUs": 1, "CPUs": 1}, "1678794456.000268": {"GPUs": 1, "CPUs": 1}, "1678794456.500253": {"GPUs": 1, "CPUs": 1}, "1678794485.500256": {"GPUs": 1, "CPUs": 1}, "1678794486.00025": {"GPUs": 1, "CPUs": 1}, "1678794486.500231": {"GPUs": 1, "CPUs": 1}, "1678794487.000255": {"GPUs": 1, "CPUs": 1}, "1678794487.500314": {"GPUs": 1, "CPUs": 1}, "1678794488.000262": {"GPUs": 1, "CPUs": 1}, "1678794488.500264": {"GPUs": 1, "CPUs": 1}, "1678794489.000261": {"GPUs": 1, "CPUs": 1}, "1678794489.500259": {"GPUs": 1, "CPUs": 1}, "1678794490.000274": {"GPUs": 1, "CPUs": 1}, "1678794490.500243": {"GPUs": 1, "CPUs": 1}, "1678794502.500256": {"GPUs": 1, "CPUs": 1}, "1678794503.000262": {"GPUs": 1, "CPUs": 1}, "1678794510.000271": {"GPUs": 1, "CPUs": 1}, "1678794533.000262": {"GPUs": 1, "CPUs": 1}, "1678794533.500258": {"GPUs": 1, "CPUs": 1}, "1678794534.000262": {"GPUs": 1, "CPUs": 1}, "1678794534.500261": {"GPUs": 1, "CPUs": 1}, "1678794535.000262": {"GPUs": 1, "CPUs": 1}, "1678794535.500257": {"GPUs": 1, "CPUs": 1}, "1678794536.000251": {"GPUs": 1, "CPUs": 1}, "1678794553.50025": {"GPUs": 1, "CPUs": 1}, "1678794554.000257": {"GPUs": 1, "CPUs": 1}, "1678794554.500267": {"GPUs": 1, "CPUs": 1}, "1678794555.000254": {"GPUs": 1, "CPUs": 1}, "1678794555.500263": {"GPUs": 1, "CPUs": 1}, "1678794557.000271": {"GPUs": 1, "CPUs": 1}, "1678794557.500244": {"GPUs": 1, "CPUs": 1}, "1678794559.500288": {"GPUs": 1, "CPUs": 1}, "1678794560.000262": {"GPUs": 1, "CPUs": 1}, "1678794560.500262": {"GPUs": 1, "CPUs": 1}, "1678794561.0003": {"GPUs": 1, "CPUs": 2}, "1678794562.000319": {"GPUs": 1, "CPUs": 2}, "1678794563.0003": {"GPUs": 1, "CPUs": 1}, "1678794563.500284": {"GPUs": 1, "CPUs": 1}, "1678794564.000283": {"GPUs": 1, "CPUs": 2}, "1678794564.500267": {"GPUs": 1, "CPUs": 2}, "1678794571.000264": {"GPUs": 1, "CPUs": 1}, "1678794571.500271": {"GPUs": 1, "CPUs": 1}, "1678794574.000275": {"GPUs": 1, "CPUs": 1}, "1678794575.500252": {"GPUs": 1, "CPUs": 1}, "1678794577.500261": {"GPUs": 1, "CPUs": 1}, "1678794578.500295": {"GPUs": 1, "CPUs": 1}, "1678794580.000268": {"GPUs": 1, "CPUs": 1}, "1678794580.500265": {"GPUs": 1, "CPUs": 1}, "1678794582.500258": {"GPUs": 1, "CPUs": 1}, "1678794583.500256": {"GPUs": 1, "CPUs": 1}, "1678794584.500265": {"GPUs": 1, "CPUs": 1}, "1678794585.000262": {"GPUs": 1, "CPUs": 1}, "1678794585.500291": {"GPUs": 1, "CPUs": 1}, "1678794587.000267": {"GPUs": 1, "CPUs": 1}, "1678794589.000262": {"GPUs": 1, "CPUs": 1}, "1678794589.500276": {"GPUs": 1, "CPUs": 1}, "1678794590.000296": {"GPUs": 1, "CPUs": 1}, "1678794590.500256": {"GPUs": 1, "CPUs": 1}, "1678794591.50027": {"GPUs": 1, "CPUs": 1}, "1678794594.000324": {"GPUs": 1, "CPUs": 1}, "1678794595.000254": {"GPUs": 1, "CPUs": 1}, "1678794596.000282": {"GPUs": 1, "CPUs": 1}, "1678794597.500268": {"GPUs": 1, "CPUs": 1}, "1678794598.000249": {"GPUs": 1, "CPUs": 1}, "1678794599.00027": {"GPUs": 1, "CPUs": 1}, "1678794600.500261": {"GPUs": 1, "CPUs": 1}, "1678794601.000252": {"GPUs": 1, "CPUs": 1}, "1678794601.500264": {"GPUs": 1, "CPUs": 1}, "1678794602.500263": {"GPUs": 1, "CPUs": 1}, "1678794603.500271": {"GPUs": 1, "CPUs": 1}, "1678794604.000254": {"GPUs": 1, "CPUs": 1}, "1678794605.500245": {"GPUs": 1, "CPUs": 1}, "1678794606.000293": {"GPUs": 1, "CPUs": 1}, "1678794607.000271": {"GPUs": 1, "CPUs": 1}, "1678794608.500262": {"GPUs": 1, "CPUs": 1}, "1678794610.000261": {"GPUs": 1, "CPUs": 1}, "1678794610.500257": {"GPUs": 1, "CPUs": 1}, "1678794611.500256": {"GPUs": 1, "CPUs": 1}, "1678794612.000281": {"GPUs": 1, "CPUs": 1}, "1678794613.000263": {"GPUs": 1, "CPUs": 1}, "1678794613.500255": {"GPUs": 1, "CPUs": 1}, "1678794614.500271": {"GPUs": 1, "CPUs": 1}, "1678794615.000247": {"GPUs": 1, "CPUs": 1}, "1678794615.500264": {"GPUs": 1, "CPUs": 1}, "1678794617.000268": {"GPUs": 1, "CPUs": 1}, "1678794618.000283": {"GPUs": 1, "CPUs": 1}, "1678794619.500258": {"GPUs": 1, "CPUs": 1}, "1678794620.000261": {"GPUs": 1, "CPUs": 1}, "1678794622.000257": {"GPUs": 1, "CPUs": 1}, "1678794623.000254": {"GPUs": 1, "CPUs": 1}, "1678794624.500245": {"GPUs": 1, "CPUs": 1}, "1678794627.500279": {"GPUs": 1, "CPUs": 1}, "1678794629.000264": {"GPUs": 1, "CPUs": 1}, "1678794630.500242": {"GPUs": 1, "CPUs": 1}, "1678794631.000291": {"GPUs": 1, "CPUs": 1}, "1678794632.000263": {"GPUs": 1, "CPUs": 1}, "1678794632.500269": {"GPUs": 1, "CPUs": 1}, "1678794634.000254": {"GPUs": 1, "CPUs": 1}, "1678794635.500273": {"GPUs": 1, "CPUs": 1}, "1678794636.000245": {"GPUs": 1, "CPUs": 1}, "1678794638.000252": {"GPUs": 1, "CPUs": 1}, "1678794639.000243": {"GPUs": 1, "CPUs": 1}, "1678794639.500281": {"GPUs": 1, "CPUs": 1}, "1678794642.000257": {"GPUs": 1, "CPUs": 1}, "1678794642.500262": {"GPUs": 1, "CPUs": 1}, "1678794644.000252": {"GPUs": 1, "CPUs": 1}, "1678794645.000247": {"GPUs": 1, "CPUs": 1}, "1678794645.500267": {"GPUs": 1, "CPUs": 1}, "1678794646.000268": {"GPUs": 1, "CPUs": 1}, "1678794647.000289": {"GPUs": 1, "CPUs": 1}, "1678794647.500248": {"GPUs": 1, "CPUs": 1}, "1678794648.00026": {"GPUs": 1, "CPUs": 1}, "1678794649.500282": {"GPUs": 1, "CPUs": 1}, "1678794650.500269": {"GPUs": 1, "CPUs": 1}, "1678794653.50029": {"GPUs": 1, "CPUs": 1}, "1678794654.500277": {"GPUs": 1, "CPUs": 1}, "1678794655.500262": {"GPUs": 1, "CPUs": 1}, "1678794656.500271": {"GPUs": 1, "CPUs": 1}, "1678794657.500274": {"GPUs": 1, "CPUs": 1}, "1678794659.500277": {"GPUs": 1, "CPUs": 1}, "1678794660.000283": {"GPUs": 1, "CPUs": 1}, "1678794660.500257": {"GPUs": 1, "CPUs": 1}, "1678794663.000286": {"GPUs": 1, "CPUs": 1}, "1678794668.000275": {"GPUs": 1, "CPUs": 1}, "1678794668.500268": {"GPUs": 1, "CPUs": 1}, "1678794669.000255": {"GPUs": 1, "CPUs": 1}, "1678794671.500278": {"GPUs": 1, "CPUs": 1}, "1678794672.000263": {"GPUs": 1, "CPUs": 1}, "1678794672.500252": {"GPUs": 1,