{"RuleTriggered": 0, "Violations": 0, "Details": {"pin_memory": false, "num_workers": 0, "cores": 16, "dataloaders": 1, "dataloading_time": {"p25": 0.581279, "p50": 0.581279, "p95": 0.581279, "probs": [0, 0, 0, 0, 0, 0, 0, 0, 0, 0, 0, 0, 0, 0, 0, 0, 0, 0, 0, 0, 0, 0, 0, 0, 0, 0, 0, 0, 0, 0, 0, 0, 0, 0, 0, 0, 0, 0, 0, 0, 0, 0, 0, 0, 0, 0, 0, 0, 0, 0, 1, 0, 0, 0, 0, 0, 0, 0, 0, 0, 0, 0, 0, 0, 0, 0, 0, 0, 0, 0, 0, 0, 0, 0, 0, 0, 0, 0, 0, 0, 0, 0, 0, 0, 0, 0, 0, 0, 0, 0, 0, 0, 0, 0, 0, 0, 0, 0, 0, 0], "binedges": [0.08127899999999999, 0.09127899999999999, 0.10127899999999998, 0.11127899999999999, 0.12127899999999998, 0.13127899999999998, 0.141279, 0.151279, 0.16127899999999998, 0.17127899999999996, 0.18127899999999997, 0.19127899999999998, 0.20127899999999999, 0.21127899999999997, 0.22127899999999998, 0.23127899999999996, 0.24127899999999997, 0.251279, 0.26127899999999993, 0.27127899999999994, 0.28127899999999995, 0.29127899999999995, 0.30127899999999996, 0.311279, 0.321279, 0.331279, 0.34127899999999994, 0.35127899999999995, 0.36127899999999996, 0.37127899999999997, 0.3812789999999999, 0.39127899999999993, 0.40127899999999994, 0.41127899999999995, 0.42127899999999996, 0.4312789999999999, 0.4412789999999999, 0.45127899999999993, 0.46127899999999994, 0.47127899999999995, 0.4812789999999999, 0.4912789999999999, 0.5012789999999999, 0.5112789999999999, 0.5212789999999999, 0.531279, 0.5412789999999998, 0.5512789999999999, 0.5612789999999999, 0.5712789999999999, 0.5812789999999999, 0.5912789999999999, 0.6012789999999999, 0.6112789999999999, 0.6212789999999999, 0.6312789999999999, 0.6412789999999999, 0.6512789999999999, 0.661279, 0.6712789999999998, 0.6812789999999999, 0.6912789999999999, 0.7012789999999999, 0.7112789999999999, 0.7212789999999999, 0.7312789999999999, 0.7412789999999999, 0.7512789999999999, 0.7612789999999999, 0.7712789999999999, 0.7812789999999998, 0.7912789999999998, 0.8012789999999999, 0.8112789999999999, 0.8212789999999999, 0.8312789999999999, 0.8412789999999999, 0.8512789999999999, 0.8612789999999999, 0.8712789999999999, 0.8812789999999998, 0.8912789999999998, 0.9012789999999998, 0.9112789999999998, 0.9212789999999998, 0.9312789999999999, 0.9412789999999999, 0.9512789999999999, 0.9612789999999999, 0.9712789999999999, 0.9812789999999999, 0.9912789999999998, 1.0012789999999998, 1.0112789999999998, 1.0212789999999998, 1.0312789999999998, 1.0412789999999998, 1.0512789999999999, 1.0612789999999999, 1.0712789999999999, 1.0812789999999999]}}, "Datapoints": 1, "RuleParameters": "min_threshold:70\nmax_threshold:200"}