{"RuleTriggered": 8, "Violations": 8, "Details": {"algo-1": {"gpu0": {"increase": 7.033333333333332, "gpu_max": 81.0, "p05": 0.0, "p25": 0.0, "p50": 0.0, "p75": 0.0, "p95": 65.69999999999982, "upper": 0.0, "lower": 0.0}}, "last_timestamp": 1678794780000000}, "Datapoints": 1065, "RuleParameters": "increase:5\npatience:1000\nwindow:10"}