{"RuleTriggered": 0, "Violations": 47, "Details": {"low_gpu_utilization": 844, "bottlenecks": {"1678794308.000261": {"GPUs": 1, "CPUs": 2}, "1678794308.500294": {"GPUs": 1, "CPUs": 1}, "1678794309.000258": {"GPUs": 1, "CPUs": 2}, "1678794309.500268": {"GPUs": 1, "CPUs": 2}, "1678794310.000278": {"GPUs": 1, "CPUs": 1}, "1678794310.500282": {"GPUs": 1, "CPUs": 1}, "1678794311.000252": {"GPUs": 1, "CPUs": 1}, "1678794311.500281": {"GPUs": 1, "CPUs": 1}, "1678794312.000277": {"GPUs": 1, "CPUs": 1}, "1678794312.500255": {"GPUs": 1, "CPUs": 1}, "1678794313.000264": {"GPUs": 1, "CPUs": 2}, "1678794314.000272": {"GPUs": 1, "CPUs": 2}, "1678794316.500271": {"GPUs": 1, "CPUs": 1}, "1678794339.500272": {"GPUs": 1, "CPUs": 1}, "1678794359.507538": {"GPUs": 1, "CPUs": 1}, "1678794361.000264": {"GPUs": 1, "CPUs": 1}, "1678794385.500252": {"GPUs": 1, "CPUs": 1}, "1678794386.500242": {"GPUs": 1, "CPUs": 1}, "1678794387.00025": {"GPUs": 1, "CPUs": 1}, "1678794388.000251": {"GPUs": 1, "CPUs": 1}, "1678794388.500286": {"GPUs": 1, "CPUs": 1}, "1678794390.000265": {"GPUs": 1, "CPUs": 1}, "1678794425.000256": {"GPUs": 1, "CPUs": 1}, "1678794454.500258": {"GPUs": 1, "CPUs": 1}, "1678794469.000257": {"GPUs": 1, "CPUs": 1}, "1678794469.500261": {"GPUs": 1, "CPUs": 1}, "1678794470.500262": {"GPUs": 1, "CPUs": 1}, "1678794476.000259": {"GPUs": 1, "CPUs": 1}, "1678794479.000281": {"GPUs": 1, "CPUs": 1}, "1678794494.000243": {"GPUs": 1, "CPUs": 1}, "1678794494.500286": {"GPUs": 1, "CPUs": 1}, "1678794510.000271": {"GPUs": 1, "CPUs": 1}, "1678794510.50027": {"GPUs": 1, "CPUs": 1}, "1678794521.50026": {"GPUs": 1, "CPUs": 1}, "1678794533.000262": {"GPUs": 1, "CPUs": 1}, "1678794533.500258": {"GPUs": 1, "CPUs": 1}, "1678794534.000262": {"GPUs": 1, "CPUs": 1}, "1678794534.500261": {"GPUs": 1, "CPUs": 1}, "1678794535.000262": {"GPUs": 1, "CPUs": 1}, "1678794535.500257": {"GPUs": 1, "CPUs": 1}, "1678794536.000251": {"GPUs": 1, "CPUs": 1}, "1678794551.500283": {"GPUs": 1, "CPUs": 1}, "1678794572.500272": {"GPUs": 1, "CPUs": 1}, "1678794574.000275": {"GPUs": 1, "CPUs": 1}, "1678794577.500261": {"GPUs": 1, "CPUs": 1}, "1678794670.000268": {"GPUs": 1, "CPUs": 1}, "1678794675.000245": {"GPUs": 1, "CPUs": 1}}}, "Datapoints": 1066, "RuleParameters": "threshold:50\nio_threshold:50\ngpu_threshold:10\npatience:1000"}