{"RuleTriggered": 0, "Violations": 0, "Details": {"step_num": {"first": 1678794559768831, "last": 1678794839615246}, "job_start": 1678794307.500179, "job_end": 1678794839.500422}, "Datapoints": 318, "RuleParameters": "threshold:20"}