{"RuleTriggered": 0, "Violations": 0, "Details": {"ratio": {"gpu_functions-dev:0": 50.76361977923444, "cpu_functions": 49.23638022076556}, "phase": {"Step:ModeKeys.TRAIN": 11.936212982803122, "others": 76.64201754545138, "Step:ModeKeys.EVAL": 11.421769471745497}, "phase_time": {}, "CPU": {"aten::conv2d": 12.591178109203414, "aten::convolution": 12.461515916858335, "aten::_convolution": 12.454666210150771, "aten::cudnn_convolution": 12.445238021895241, "aten::to": 17.124827736273296, "aten::copy_": 17.13701155366405, "aten::linear": 4.375545405436205, "aten::addmm": 4.374787607424017, "enumerate(DataLoader)#_SingleProcessDataLoaderIter.__next__": 7.03522943909464}, "CPU_total": {"aten::conv2d": 1279392, "aten::convolution": 1266217, "aten::_convolution": 1265521, "aten::cudnn_convolution": 1264563, "aten::to": 1740057, "aten::copy_": 1741295, "aten::linear": 444600, "aten::addmm": 444523, "enumerate(DataLoader)#_SingleProcessDataLoaderIter.__next__": 714851}, "GPU": {"aten::conv2d": 13.112259727614969, "aten::convolution": 12.989604938878838, "aten::_convolution": 12.985422205319159, "aten::cudnn_convolution": 12.978305748915538, "aten::to": 16.189860860206267, "aten::copy_": 16.214356961840497, "aten::linear": 4.30474931967645, "aten::addmm": 4.304013468402062, "enumerate(DataLoader)#_SingleProcessDataLoaderIter.__next__": 6.921426769146222}, "GPU_total": {"aten::conv2d": 1354257, "aten::convolution": 1341589, "aten::_convolution": 1341157, "aten::cudnn_convolution": 1340422, "aten::to": 1672117, "aten::copy_": 1674647, "aten::linear": 444602, "aten::addmm": 444526, "enumerate(DataLoader)#_SingleProcessDataLoaderIter.__next__": 714857}, "general": {"DataLoaderIterInitialize": 0.002119186297667428, "DataLoaderIter": 1.4805751104829625, "Forward": 98.51730570321936}}, "Datapoints": 0, "RuleParameters": ""}