{"RuleTriggered": 0, "Violations": 0, "Details": {"step_details": {"algo-1-27": {"step_stats": {"mean": 0.06839722837370242, "max": 10.9632, "p99": 0.030533240000000007, "p95": 0.027877, "p50": 0.026423, "min": 0.025029}, "number_of_outliers": 1, "phase": "Step:ModeKeys.TRAIN", "stddev": 0.65, "probs": [287, 0, 0, 0, 0, 0, 0, 0, 0, 0, 0, 0, 0, 0, 0, 0, 0, 0, 0, 0, 0, 0, 0, 0, 0, 0, 0, 0, 0, 0, 0, 0, 0, 0, 0, 0, 0, 0, 0, 0, 0, 0, 0, 0, 0, 0, 0, 0, 0, 0, 0, 0, 0, 0, 0, 0, 0, 0, 0, 0, 0, 0, 0, 0, 0, 0, 0, 0, 0, 0, 0, 0, 0, 0, 0, 0, 0, 0, 0, 0, 0, 0, 0, 0, 0, 0, 0, 0, 0, 0, 0, 0, 0, 0, 0, 0, 0, 0, 0, 1], "binedges": [0.025029, 0.03653716, 0.04804532, 0.05955347999999999, 0.07106164, 0.0825698, 0.09407795999999999, 0.10558611999999999, 0.11709428, 0.12860244, 0.1401106, 0.15161876, 0.16312691999999998, 0.17463508, 0.18614324, 0.1976514, 0.20915956, 0.22066771999999998, 0.23217588, 0.24368404, 0.25519220000000004, 0.26670036, 0.27820852, 0.28971668, 0.30122484, 0.31273300000000004, 0.32424116000000003, 0.33574932, 0.34725748, 0.35876564, 0.37027380000000004, 0.38178196000000003, 0.39329012, 0.40479828, 0.41630644, 0.42781460000000004, 0.43932276000000003, 0.45083092, 0.46233908, 0.47384724, 0.48535540000000005, 0.49686356000000004, 0.50837172, 0.51987988, 0.53138804, 0.5428961999999999, 0.5544043599999999, 0.5659125199999999, 0.5774206799999999, 0.58892884, 0.600437, 0.61194516, 0.62345332, 0.63496148, 0.64646964, 0.6579778, 0.6694859599999999, 0.6809941199999999, 0.6925022799999999, 0.70401044, 0.7155186, 0.72702676, 0.73853492, 0.75004308, 0.76155124, 0.7730594, 0.7845675599999999, 0.7960757199999999, 0.8075838799999999, 0.8190920399999999, 0.8306002, 0.84210836, 0.85361652, 0.86512468, 0.87663284, 0.888141, 0.89964916, 0.9111573199999999, 0.9226654799999999, 0.9341736399999999, 0.9456818, 0.95718996, 0.96869812, 0.98020628, 0.99171444, 1.0032226, 1.01473076, 1.02623892, 1.03774708, 1.04925524, 1.0607634, 1.07227156, 1.08377972, 1.0952878799999999, 1.1067960399999999, 1.1183041999999999, 1.1298123599999998, 1.14132052, 1.15282868, 1.16433684, 1.175845], "step_numbers": ["0"]}}}, "Datapoints": 318, "RuleParameters": "threshold:3\nmode:None\nn_outliers:10\nstddev:3"}